subject,phase,time,ear
hanul,open,1784601499.7636256,0.3168000027172425
hanul,open,1784601499.8013356,0.3395871636884452
hanul,open,1784601499.8399885,0.35574809456240686
hanul,open,1784601499.8779964,0.3619152886093682
hanul,open,1784601499.9150362,0.3660503562143597
hanul,open,1784601499.951943,0.3677890662799068
hanul,open,1784601499.9899144,0.36611913671390234
hanul,open,1784601500.0269985,0.3616777323153761
hanul,open,1784601500.0636845,0.3604425785563931
hanul,open,1784601500.1005292,0.36032135436840323
hanul,open,1784601500.138817,0.359565746848291
hanul,open,1784601500.1760724,0.3589584705858293
hanul,open,1784601500.2130857,0.3583732481723448
hanul,open,1784601500.2503257,0.35786048458613245
hanul,open,1784601500.2879906,0.35822156262094096
hanul,open,1784601500.3251965,0.35853022667549395
hanul,open,1784601500.3609257,0.3596479470894494
hanul,open,1784601500.400457,0.3600523216531181
hanul,open,1784601500.4389977,0.36066558379984404
hanul,open,1784601500.4758518,0.36115604538800455
hanul,open,1784601500.5130727,0.36232969985593494
hanul,open,1784601500.5503404,0.36277568361663487
hanul,open,1784601500.5894542,0.3629164640095298
hanul,open,1784601500.6267807,0.36348215668489
hanul,open,1784601500.6629317,0.36251499608524346
hanul,open,1784601500.700095,0.36222190756273814
hanul,open,1784601500.7363262,0.3621025363784341
hanul,open,1784601500.7745712,0.36172456840081235
hanul,open,1784601500.8109133,0.3620954374814103
hanul,open,1784601500.8479235,0.3623196368670398
hanul,open,1784601500.8845692,0.36247976602990045
hanul,open,1784601500.9213173,0.36275308461611105
hanul,open,1784601500.9580016,0.36272727147085004
hanul,open,1784601500.9950306,0.3626418686393764
hanul,open,1784601501.0315735,0.36256433722858206
hanul,open,1784601501.0684583,0.3624396777048002
hanul,open,1784601501.1043825,0.3623464078210699
hanul,open,1784601501.1410112,0.3625835022121991
hanul,open,1784601501.1780264,0.36311759996887594
hanul,open,1784601501.2149637,0.36357806936499415
hanul,open,1784601501.2529233,0.363932776898079
hanul,open,1784601501.290394,0.3642353610029983
hanul,open,1784601501.3288298,0.3642107653539937
hanul,open,1784601501.3661892,0.36421266796337154
hanul,open,1784601501.405061,0.3640652181206181
hanul,open,1784601501.442894,0.36401756601357904
hanul,open,1784601501.4811213,0.36400149982988794
hanul,open,1784601501.5190172,0.36373995834025086
hanul,open,1784601501.5570374,0.3636077743780593
hanul,open,1784601501.594351,0.3630116537555509
hanul,open,1784601501.6305196,0.3628718303389174
hanul,open,1784601501.6679163,0.3628072675071467
hanul,open,1784601501.704183,0.36226388570715645
hanul,open,1784601501.741469,0.36260746227743346
hanul,open,1784601501.7789333,0.36191432532658996
hanul,open,1784601501.8163218,0.3627699696935997
hanul,open,1784601501.852467,0.36333334148386015
hanul,open,1784601501.8892913,0.3646466121168574
hanul,open,1784601501.927988,0.36648603426682397
hanul,open,1784601501.967107,0.36634802768208424
hanul,open,1784601502.0047472,0.3681925338186292
hanul,open,1784601502.0423403,0.3681104973461366
hanul,open,1784601502.0794778,0.36745924971416294
hanul,open,1784601502.1164436,0.3672500200994008
hanul,open,1784601502.1534944,0.36645123827549625
hanul,open,1784601502.1909401,0.36666468856947165
hanul,open,1784601502.2283318,0.3666681199604851
hanul,open,1784601502.2666166,0.36659857358174464
hanul,open,1784601502.303876,0.3667729581921379
hanul,open,1784601502.3402743,0.36664656975028903
hanul,open,1784601502.3782065,0.3660533615037478
hanul,open,1784601502.4145162,0.36594676122363534
hanul,open,1784601502.4527693,0.3657900128627915
hanul,open,1784601502.4888523,0.36623866656130866
hanul,open,1784601502.5269089,0.36563364353723127
hanul,open,1784601502.5647597,0.36568373349412836
hanul,open,1784601502.6022713,0.36533482750548385
hanul,open,1784601502.6387599,0.36535638987023394
hanul,open,1784601502.67712,0.3654280808185648
hanul,open,1784601502.716033,0.3654532206737568
hanul,open,1784601502.753292,0.3652169394676525
hanul,open,1784601502.7919972,0.36517107301051654
hanul,open,1784601502.8319964,0.3646318181216113
hanul,open,1784601502.86824,0.3646715261493805
hanul,open,1784601502.9051774,0.3644553818447041
hanul,open,1784601502.9411016,0.3645325433202382
hanul,open,1784601502.9784157,0.36453051552361887
hanul,open,1784601503.0149274,0.3654086125890108
hanul,open,1784601503.0523639,0.36657075407232603
hanul,open,1784601503.0906703,0.36681737006250464
hanul,open,1784601503.1279058,0.36656631790066646
hanul,open,1784601503.16486,0.36565435880319785
hanul,open,1784601503.2017019,0.3659785271891429
hanul,open,1784601503.2388966,0.36545180170356817
hanul,open,1784601503.2761981,0.36545332577302314
hanul,open,1784601503.3136032,0.36503312802786847
hanul,open,1784601503.351041,0.3654017803212362
hanul,open,1784601503.3889618,0.36615632144156013
hanul,open,1784601503.4278076,0.3662697873454972
hanul,open,1784601503.4647512,0.3669539950541681
hanul,open,1784601503.502149,0.3677647247889797
hanul,open,1784601503.5404522,0.3682486298853635
hanul,open,1784601503.5776534,0.3682624067668563
hanul,open,1784601503.6151824,0.36860777022017693
hanul,open,1784601503.6524105,0.3685683069365648
hanul,open,1784601503.6883621,0.36877606340100705
hanul,open,1784601503.725486,0.3683647892938125
hanul,open,1784601503.7628293,0.36876131721180494
hanul,open,1784601503.8001144,0.369564889757647
hanul,open,1784601503.836674,0.37006648258225755
hanul,open,1784601503.8739057,0.37028963634922596
hanul,open,1784601503.9100087,0.3702588074401952
hanul,open,1784601503.947087,0.3701447847093243
hanul,open,1784601503.9831846,0.3699932430279835
hanul,open,1784601504.02056,0.3699355257217272
hanul,open,1784601504.0573733,0.3698349576084762
hanul,open,1784601504.0945647,0.3696777693576915
hanul,open,1784601504.1309552,0.3694645148868905
hanul,open,1784601504.1681485,0.3692813665068019
hanul,open,1784601504.2059224,0.3691068434327004
hanul,open,1784601504.2433364,0.369009094707816
hanul,open,1784601504.28091,0.36888160268352577
hanul,open,1784601504.3185282,0.3687013793787858
hanul,open,1784601504.3551788,0.3686275778038921
hanul,open,1784601504.3932126,0.3686165386768819
hanul,open,1784601504.4309394,0.36862855385320553
hanul,open,1784601504.4686227,0.3686869643229396
hanul,open,1784601504.5059602,0.3686770617087707
hanul,open,1784601504.543251,0.36873849135484676
hanul,open,1784601504.5793173,0.3686552714044717
hanul,open,1784601504.6164758,0.36856213627113205
hanul,open,1784601504.6526194,0.36835964737553417
hanul,open,1784601504.690895,0.36827383436825156
hanul,open,1784601504.7296124,0.368034133751662
hanul,closed,1784601507.8003106,0.37807566751857935
hanul,closed,1784601507.8395097,0.37436296600574104
hanul,closed,1784601507.878275,0.3733606719183011
hanul,closed,1784601507.9157093,0.37240608928391256
hanul,closed,1784601507.9527762,0.3712384474167546
hanul,closed,1784601507.9914496,0.368197468847255
hanul,closed,1784601508.0279045,0.366453706085878
hanul,closed,1784601508.0649824,0.36478791252894854
hanul,closed,1784601508.1037676,0.3663074866235646
hanul,closed,1784601508.1411514,0.3673552831787703
hanul,closed,1784601508.1799839,0.3689842539999257
hanul,closed,1784601508.2195885,0.3712628818403984
hanul,closed,1784601508.2571774,0.3720788981352889
hanul,closed,1784601508.293707,0.3707860568750667
hanul,closed,1784601508.3309608,0.3671990982628212
hanul,closed,1784601508.3671544,0.3653384269880521
hanul,closed,1784601508.4047468,0.3641482210835164
hanul,closed,1784601508.4440935,0.3650223311623175
hanul,closed,1784601508.4824765,0.3640111868168301
hanul,closed,1784601508.5240781,0.364006817561646
hanul,closed,1784601508.5614543,0.3643424707658189
hanul,closed,1784601508.5980203,0.36293749868119635
hanul,closed,1784601508.6351547,0.3618761125133746
hanul,closed,1784601508.6717892,0.3612757095079086
hanul,closed,1784601508.7088013,0.36153546693632505
hanul,closed,1784601508.7450254,0.3612211965400461
hanul,closed,1784601508.7828288,0.3627959737433825
hanul,closed,1784601508.819333,0.3662419293717797
hanul,closed,1784601508.8565056,0.31489040731166196
hanul,closed,1784601508.8939672,0.08300301403995558
hanul,closed,1784601508.9308996,0.034537526300879105
hanul,closed,1784601508.9685826,0.02416843903906143
hanul,closed,1784601509.0057063,0.022933173422681027
hanul,closed,1784601509.042372,0.02393162608175254
hanul,closed,1784601509.0793424,0.02288838467629619
hanul,closed,1784601509.116077,0.022520865335587555
hanul,closed,1784601509.1545768,0.020054151514636413
hanul,closed,1784601509.191429,0.019434635075651532
hanul,closed,1784601509.228902,0.01987874903151366
hanul,closed,1784601509.265378,0.02036982392250999
hanul,closed,1784601509.303092,0.021352505723608944
hanul,closed,1784601509.341137,0.02215882567407162
hanul,closed,1784601509.378601,0.02209621706284815
hanul,closed,1784601509.4166815,0.02260852134817398
hanul,closed,1784601509.455671,0.022806500457302935
hanul,closed,1784601509.4948375,0.022686088195645104
hanul,closed,1784601509.5325193,0.022678081476083214
hanul,closed,1784601509.5713696,0.02250972317747888
hanul,closed,1784601509.6093001,0.022241416027231713
hanul,closed,1784601509.6479897,0.02205766666582224
hanul,closed,1784601509.6872191,0.02200084725883103
hanul,closed,1784601509.7234232,0.021942822981276842
hanul,closed,1784601509.7605476,0.02198574817159638
hanul,closed,1784601509.7969487,0.021615391824578122
hanul,closed,1784601509.833753,0.021464260405592087
hanul,closed,1784601509.871999,0.021600701855076676
hanul,closed,1784601509.9104955,0.021786710688496844
hanul,closed,1784601509.9470768,0.02184308121473871
hanul,closed,1784601509.9855723,0.02120134440209697
hanul,closed,1784601510.0240164,0.021190068958784464
hanul,closed,1784601510.0612628,0.021353306718450645
hanul,closed,1784601510.098023,0.021125836115067163
hanul,closed,1784601510.135804,0.020916768309988544
hanul,closed,1784601510.1749964,0.020556769372383873
hanul,closed,1784601510.213315,0.020604378923158712
hanul,closed,1784601510.252006,0.02034676195243563
hanul,closed,1784601510.2911613,0.020323248569797444
hanul,closed,1784601510.3279104,0.02019487453951976
hanul,closed,1784601510.3665166,0.02004093662602571
hanul,closed,1784601510.4041162,0.020128074976402323
hanul,closed,1784601510.4418118,0.020235779508127993
hanul,closed,1784601510.480084,0.02022800820312304
hanul,closed,1784601510.5180454,0.020302582730079167
hanul,closed,1784601510.5567873,0.020271937536097212
hanul,closed,1784601510.5953536,0.020312034251152328
hanul,closed,1784601510.6325805,0.02034830275468825
hanul,closed,1784601510.6701195,0.020403816378594168
hanul,closed,1784601510.7065597,0.020415051711552598
hanul,closed,1784601510.74446,0.020387589318880437
hanul,closed,1784601510.783987,0.020355773926835904
hanul,trial1,1784601512.3593016,0.020240445857443373
hanul,trial1,1784601512.3994176,0.020323523334605294
hanul,trial1,1784601512.439706,0.020318416434537193
hanul,trial1,1784601512.479959,0.02037359083910674
hanul,trial1,1784601512.516756,0.02045881985061597
hanul,trial1,1784601512.5546117,0.020553630585650448
hanul,trial1,1784601512.5928366,0.02056843102308617
hanul,trial1,1784601512.6307008,0.02051337607521276
hanul,trial1,1784601512.6691515,0.020469356096457288
hanul,trial1,1784601512.7068455,0.020446536640622806
hanul,trial1,1784601512.745952,0.020374536047130565
hanul,trial1,1784601512.7846153,0.02025372861427057
hanul,trial1,1784601512.8236804,0.020766463131148057
hanul,trial1,1784601512.8627684,0.041747388132217025
hanul,trial1,1784601512.8998942,0.11024606508678289
hanul,trial1,1784601512.9372227,0.20710493637513194
hanul,trial1,1784601512.9740062,0.2730826421909886
hanul,trial1,1784601513.0130794,0.3152313172119955
hanul,trial1,1784601513.050747,0.3398299215569155
hanul,trial1,1784601513.0920002,0.3530158674424398
hanul,trial1,1784601513.1285076,0.3593221539157416
hanul,trial1,1784601513.1665912,0.3617807302405526
hanul,trial1,1784601513.2069416,0.3632572162928841
hanul,trial1,1784601513.2462974,0.3639335222319321
hanul,trial1,1784601513.284037,0.3640251030263648
hanul,trial1,1784601513.322146,0.36419997921143377
hanul,trial1,1784601513.3601034,0.36428526803190064
hanul,trial1,1784601513.3985715,0.3642254364965636
hanul,trial1,1784601513.4366567,0.3644495962998261
hanul,trial1,1784601513.4752238,0.3646339268347032
hanul,trial1,1784601513.5119,0.3646727433381851
hanul,trial1,1784601513.5500603,0.36472458622418513
hanul,trial1,1784601513.5902812,0.3645723410955808
hanul,trial1,1784601513.6298022,0.36414767924618624
hanul,trial1,1784601513.666293,0.36367896679215395
hanul,trial1,1784601513.7045257,0.3632440947946103
hanul,trial1,1784601513.7408721,0.36274691551274607
hanul,trial1,1784601513.778229,0.3623119818062989
hanul,trial1,1784601513.8154798,0.36189438909733573
hanul,trial1,1784601513.8528614,0.3614413125887299
hanul,trial1,1784601513.8916073,0.36096952482648303
hanul,trial1,1784601513.9304218,0.3367538729522618
hanul,trial1,1784601513.9699464,0.2003024627157392
hanul,trial1,1784601514.0081844,0.11055203224994654
hanul,trial1,1784601514.045225,0.06714298746431885
hanul,trial1,1784601514.0824525,0.04541798051895454
hanul,trial1,1784601514.1219583,0.0446393413262796
hanul,trial1,1784601514.1595278,0.10066334821045178
hanul,trial1,1784601514.1985326,0.19973177936533598
hanul,trial1,1784601514.2374492,0.27565440539253583
hanul,trial1,1784601514.2776,0.3218217760842853
hanul,trial1,1784601514.3157961,0.3477568649396724
hanul,trial1,1784601514.353968,0.3615635770382952
hanul,trial1,1784601514.392155,0.36847750567394655
hanul,trial1,1784601514.4298775,0.37187595441358
hanul,trial1,1784601514.47072,0.37337812120400204
hanul,trial1,1784601514.5099766,0.3741072352002309
hanul,trial1,1784601514.5480642,0.37443599569056485
hanul,trial1,1784601514.5873663,0.3752990480282692
hanul,trial1,1784601514.6254995,0.37560235301584555
hanul,trial1,1784601514.662316,0.37569917183274704
hanul,trial1,1784601514.700437,0.37546848620737033
hanul,trial1,1784601514.7374792,0.37505896104997327
hanul,trial1,1784601514.7750936,0.3746473636133917
hanul,trial1,1784601514.8167787,0.374234249167511
hanul,trial1,1784601514.8543253,0.37386767619158356
hanul,trial1,1784601514.8914835,0.37365263690096107
hanul,trial1,1784601514.9294894,0.3736607103011977
hanul,trial1,1784601514.9680283,0.3735190840651236
hanul,trial1,1784601515.0060036,0.37315203183561063
hanul,trial1,1784601515.0424583,0.372962213696748
hanul,trial1,1784601515.0827157,0.3725260026623839
hanul,trial1,1784601515.1193032,0.3721493612905953
hanul,trial1,1784601515.1568854,0.3717268109753796
hanul,trial1,1784601515.1958451,0.3714649503498362
hanul,trial1,1784601515.2333505,0.3712232316438656
hanul,trial1,1784601515.2719634,0.37104291763714403
hanul,trial1,1784601515.3116302,0.370906993503596
hanul,trial1,1784601515.350966,0.37091010127822444
hanul,trial1,1784601515.3884685,0.37086126533555364
hanul,trial1,1784601515.4280105,0.3707600354989944
hanul,trial1,1784601515.466519,0.370691857445569
hanul,trial1,1784601515.5064847,0.37061688999898323
hanul,trial1,1784601515.544248,0.37059785964578096
hanul,trial1,1784601515.5819306,0.37045520018035305
hanul,trial1,1784601515.61948,0.37040919577675246
hanul,trial1,1784601515.6588244,0.3703792248724014
hanul,trial1,1784601515.6964464,0.370345342893414
hanul,trial1,1784601515.7329051,0.37036401690312704
hanul,trial1,1784601515.77097,0.370340088600611
hanul,trial1,1784601515.8072507,0.3701714992934705
hanul,trial1,1784601515.8451743,0.36995322760548965
hanul,trial1,1784601515.8828697,0.3697834536375713
hanul,trial1,1784601515.9204807,0.3697914869457437
hanul,trial1,1784601515.9571137,0.36980252466081465
hanul,trial1,1784601515.9948285,0.3697719456065003
hanul,trial1,1784601516.033964,0.36975789108902213
hanul,trial1,1784601516.071687,0.36974012463904615
hanul,trial1,1784601516.108365,0.3697614931631212
hanul,trial1,1784601516.1459088,0.36982413872117004
hanul,trial1,1784601516.1840408,0.3698491935926413
hanul,trial1,1784601516.2239656,0.36990626744487165
hanul,trial1,1784601516.260461,0.3699379062906434
hanul,trial1,1784601516.2982876,0.36998606519559807
hanul,trial1,1784601516.3349981,0.3700318413291819
hanul,trial2,1784601517.9045072,0.3709275682813783
hanul,trial2,1784601517.943933,0.37093514395428206
hanul,trial2,1784601517.9839973,0.37095352093098705
hanul,trial2,1784601518.023599,0.37096735833756156
hanul,trial2,1784601518.0616643,0.37106060260332097
hanul,trial2,1784601518.1019785,0.3711352168895202
hanul,trial2,1784601518.139614,0.3712528703625857
hanul,trial2,1784601518.176113,0.3714170078154634
hanul,trial2,1784601518.213689,0.37146684159884047
hanul,trial2,1784601518.2509189,0.37153261739133103
hanul,trial2,1784601518.2885036,0.37164030370135814
hanul,trial2,1784601518.328038,0.3718609346013908
hanul,trial2,1784601518.3676245,0.3720008008266579
hanul,trial2,1784601518.4070275,0.3720679496607116
hanul,trial2,1784601518.4454556,0.37208988929310505
hanul,trial2,1784601518.4833508,0.372052140263081
hanul,trial2,1784601518.5209763,0.37201425445822517
hanul,trial2,1784601518.5600028,0.37209471306528974
hanul,trial2,1784601518.5976915,0.37213553246448483
hanul,trial2,1784601518.6360111,0.37213273097998906
hanul,trial2,1784601518.673802,0.37213616451296894
hanul,trial2,1784601518.710251,0.37215779620324235
hanul,trial2,1784601518.7476573,0.37217192197330096
hanul,trial2,1784601518.785925,0.3722491498582071
hanul,trial2,1784601518.8235688,0.37227951918907776
hanul,trial2,1784601518.8614254,0.37228718266301986
hanul,trial2,1784601518.8991077,0.37234359114741006
hanul,trial2,1784601518.9357715,0.3723960309077699
hanul,trial2,1784601518.9733145,0.37239064203191063
hanul,trial2,1784601519.0108707,0.37242734883348083
hanul,trial2,1784601519.0486145,0.37240041130899104
hanul,trial2,1784601519.087611,0.37242527437615025
hanul,trial2,1784601519.1254501,0.3723975677764962
hanul,trial2,1784601519.162018,0.3695952780610448
hanul,trial2,1784601519.200187,0.3447790486131258
hanul,trial2,1784601519.2376604,0.2865240691097161
hanul,trial2,1784601519.275247,0.17928857907939164
hanul,trial2,1784601519.312442,0.10364259706871012
hanul,trial2,1784601519.3515732,0.06137319064576781
hanul,trial2,1784601519.3910518,0.03941804640935759
hanul,trial2,1784601519.430888,0.02805298614361665
hanul,trial2,1784601519.4712865,0.022478374129046564
hanul,trial2,1784601519.5085924,0.01992992361139284
hanul,trial2,1784601519.5479767,0.018771612000473774
hanul,trial2,1784601519.586265,0.018285214094634506
hanul,trial2,1784601519.6230068,0.018893040659548756
hanul,trial2,1784601519.6607149,0.07309818820289811
hanul,trial2,1784601519.6988668,0.1881363655606659
hanul,trial2,1784601519.7364616,0.2746723065830734
hanul,trial2,1784601519.7750084,0.32587113184094335
hanul,trial2,1784601519.815908,0.35409792645177973
hanul,trial2,1784601519.8548675,0.36776814608540304
hanul,trial2,1784601519.8922176,0.3742088090154322
hanul,trial2,1784601519.9308705,0.376912208277962
hanul,trial2,1784601519.9696512,0.3776273053421697
hanul,trial2,1784601520.0071099,0.3774031427177095
hanul,trial2,1784601520.0448923,0.37696574318904713
hanul,trial2,1784601520.0829928,0.3766616572100019
hanul,trial2,1784601520.1204605,0.3765432527827009
hanul,trial2,1784601520.1586032,0.37663326620405313
hanul,trial2,1784601520.197925,0.376710905903865
hanul,trial2,1784601520.235404,0.37677333243948535
hanul,trial2,1784601520.273477,0.3768009855416566
hanul,trial2,1784601520.3111372,0.37658351193461426
hanul,trial2,1784601520.3509264,0.37661509428012396
hanul,trial2,1784601520.3897521,0.37650761774396185
hanul,trial2,1784601520.4277475,0.3764078659530067
hanul,trial2,1784601520.4673615,0.3763516963194989
hanul,trial2,1784601520.506384,0.3763752570143455
hanul,trial2,1784601520.544124,0.3763360636510603
hanul,trial2,1784601520.5805607,0.37624141914792597
hanul,trial2,1784601520.6192472,0.376093939159731
hanul,trial2,1784601520.6579506,0.3759318711755433
hanul,trial2,1784601520.696936,0.37578219156349923
hanul,trial2,1784601520.733572,0.3756794691252081
hanul,trial2,1784601520.7713223,0.3754768030858394
hanul,trial2,1784601520.809271,0.37533728968892766
hanul,trial2,1784601520.8468797,0.3752161956121205
hanul,trial2,1784601520.8835151,0.3749479621841615
hanul,trial2,1784601520.9210024,0.37473993550413975
hanul,trial2,1784601520.957519,0.3745254643823511
hanul,trial2,1784601520.9957862,0.3742974562366471
hanul,trial2,1784601521.0346344,0.37422652472876966
hanul,trial2,1784601521.07249,0.37410449690610725
hanul,trial2,1784601521.1109023,0.3739845823439339
hanul,trial2,1784601521.1482415,0.373928747234223
hanul,trial2,1784601521.1872535,0.3738891008880606
hanul,trial2,1784601521.225032,0.3738694692518383
hanul,trial2,1784601521.2639856,0.3738132407970329
hanul,trial2,1784601521.301759,0.3737435474098388
hanul,trial2,1784601521.340033,0.37375836234153714
hanul,trial2,1784601521.3775373,0.37366631303244363
hanul,trial2,1784601521.4144104,0.3735655706550765
hanul,trial2,1784601521.454085,0.37344458076801573
hanul,trial2,1784601521.4920244,0.37335053017686304
hanul,trial2,1784601521.529696,0.37329217446560614
hanul,trial2,1784601521.568028,0.3731471002938367
hanul,trial2,1784601521.6054664,0.3729066311022524
hanul,trial2,1784601521.6418495,0.3727507364639563
hanul,trial2,1784601521.6795278,0.3727453289817689
hanul,trial2,1784601521.7179396,0.3727169325027365
hanul,trial2,1784601521.7578347,0.3722883812724655
hanul,trial2,1784601521.7960346,0.37198512641314563
hanul,trial2,1784601521.835979,0.3716103136058426
hanul,trial2,1784601521.8751092,0.37151890381460273
hanul,trial3,1784601523.4388745,0.37116775998625945
hanul,trial3,1784601523.4780178,0.37093494274164973
hanul,trial3,1784601523.5156753,0.3706305533095542
hanul,trial3,1784601523.5552945,0.3702405858850747
hanul,trial3,1784601523.5935576,0.36986733642147007
hanul,trial3,1784601523.6309412,0.36963517209619756
hanul,trial3,1784601523.668822,0.36939718104239294
hanul,trial3,1784601523.7068715,0.36920355867623833
hanul,trial3,1784601523.7459977,0.3690614084777621
hanul,trial3,1784601523.7829297,0.36902169062595935
hanul,trial3,1784601523.8206575,0.3688544322951838
hanul,trial3,1784601523.8588932,0.36874843315838923
hanul,trial3,1784601523.8967204,0.36887081063668664
hanul,trial3,1784601523.9331622,0.36911551273168697
hanul,trial3,1784601523.9706104,0.36941779645441536
hanul,trial3,1784601524.0079749,0.36985395021182843
hanul,trial3,1784601524.0453107,0.3703722215095422
hanul,trial3,1784601524.0839932,0.3710120932262938
hanul,trial3,1784601524.1219273,0.3716763782443478
hanul,trial3,1784601524.1596036,0.3724203853005793
hanul,trial3,1784601524.1967423,0.3733026227598268
hanul,trial3,1784601524.2330654,0.37440305336769364
hanul,trial3,1784601524.2706342,0.37550563605005616
hanul,trial3,1784601524.307411,0.3766304287771256
hanul,trial3,1784601524.3452532,0.37769592550037046
hanul,trial3,1784601524.381994,0.3785439396013925
hanul,trial3,1784601524.4207623,0.37931127038467194
hanul,trial3,1784601524.4600377,0.3799787701845294
hanul,trial3,1784601524.4973938,0.38035379423732274
hanul,trial3,1784601524.5341833,0.3805714976058764
hanul,trial3,1784601524.5724468,0.3807514963150615
hanul,trial3,1784601524.611743,0.3740053886088006
hanul,trial3,1784601524.6509051,0.33252935889566076
hanul,trial3,1784601524.6887515,0.2430201913650419
hanul,trial3,1784601524.7280185,0.14484791965156926
hanul,trial3,1784601524.765341,0.08655809944169549
hanul,trial3,1784601524.8031821,0.056904231396284324
hanul,trial3,1784601524.839951,0.04216101355810376
hanul,trial3,1784601524.877713,0.03438269870698603
hanul,trial3,1784601524.9164248,0.03108843485648643
hanul,trial3,1784601524.954188,0.02959587755739523
hanul,trial3,1784601524.9935622,0.029376799835039127
hanul,trial3,1784601525.031562,0.02893693952890241
hanul,trial3,1784601525.0679765,0.02863679729244352
hanul,trial3,1784601525.10567,0.028548621695417466
hanul,trial3,1784601525.1431398,0.02840621075393296
hanul,trial3,1784601525.1803687,0.028620971949328642
hanul,trial3,1784601525.2200155,0.02894821861685596
hanul,trial3,1784601525.2575598,0.02894967508473975
hanul,trial3,1784601525.294018,0.05313598141161249
hanul,trial3,1784601525.3315945,0.12366887085896155
hanul,trial3,1784601525.3706605,0.2018521281576484
hanul,trial3,1784601525.409493,0.2695742026710325
hanul,trial3,1784601525.4491699,0.31146748939755997
hanul,trial3,1784601525.4876223,0.337216441451892
hanul,trial3,1784601525.526412,0.3535290594662151
hanul,trial3,1784601525.5645466,0.3646333713194645
hanul,trial3,1784601525.6021998,0.37097006872542304
hanul,trial3,1784601525.6401696,0.37455157463379285
hanul,trial3,1784601525.6789298,0.3763689888297366
hanul,trial3,1784601525.7165248,0.3776065096603992
hanul,trial3,1784601525.7574701,0.3784161116860707
hanul,trial3,1784601525.7958348,0.3785270498946667
hanul,trial3,1784601525.8353274,0.37843414445972134
hanul,trial3,1784601525.8747666,0.37845565761975325
hanul,trial3,1784601525.9144928,0.37853585576071447
hanul,trial3,1784601525.9519885,0.3789185988494732
hanul,trial3,1784601525.9908094,0.37908337340850196
hanul,trial3,1784601526.0289192,0.3793107726120065
hanul,trial3,1784601526.0678506,0.3792254168217224
hanul,trial3,1784601526.1055644,0.3792684245164582
hanul,trial3,1784601526.1459486,0.379103455749128
hanul,trial3,1784601526.1831956,0.37898973573885275
hanul,trial3,1784601526.2219634,0.3787851679584071
hanul,trial3,1784601526.2600827,0.37859317320317143
hanul,trial3,1784601526.2970333,0.378339197883633
hanul,trial3,1784601526.3371038,0.3780885792463323
hanul,trial3,1784601526.3759968,0.3778525304650363
hanul,trial3,1784601526.4146907,0.3776891830380108
hanul,trial3,1784601526.4543564,0.3775517226491935
hanul,trial3,1784601526.493435,0.3774134969585996
hanul,trial3,1784601526.5320976,0.3772298079129901
hanul,trial3,1784601526.5696304,0.37710792060122034
hanul,trial3,1784601526.6080282,0.37690892177737545
hanul,trial3,1784601526.6457367,0.37670589574856284
hanul,trial3,1784601526.682939,0.37643388276327816
hanul,trial3,1784601526.7206917,0.37613195951099354
hanul,trial3,1784601526.7586875,0.3757387334238139
hanul,trial3,1784601526.7961347,0.3753180089934244
hanul,trial3,1784601526.8340454,0.37451671729124353
hanul,trial3,1784601526.8715436,0.37364893220717255
hanul,trial3,1784601526.9078603,0.37261106724037696
hanul,trial3,1784601526.9451632,0.3719573210853477
hanul,trial3,1784601526.982256,0.37161792424896056
hanul,trial3,1784601527.0192757,0.37110529209387866
hanul,trial3,1784601527.0555153,0.3703935146201901
hanul,trial3,1784601527.0935235,0.36978445557014294
hanul,trial3,1784601527.130928,0.36950429196907486
hanul,trial3,1784601527.1683187,0.3693108822700256
hanul,trial3,1784601527.2048948,0.3692413015481366
hanul,trial3,1784601527.2425625,0.3690920021821451
hanul,trial3,1784601527.2796512,0.3690935325176011
hanul,trial3,1784601527.317292,0.369210110292672
hanul,trial3,1784601527.355988,0.3692171108594959
hanul,trial3,1784601527.3939962,0.3690702653985179
hanul,trial3,1784601527.432144,0.36908488298324926
hanul,trial4,1784601528.980351,0.3694680773281299
hanul,trial4,1784601529.0189226,0.36941258865061666
hanul,trial4,1784601529.0585768,0.3692445784733702
hanul,trial4,1784601529.0952837,0.36908828600544275
hanul,trial4,1784601529.1332238,0.36889965766264377
hanul,trial4,1784601529.169678,0.36886073609024467
hanul,trial4,1784601529.2086957,0.36894505154988677
hanul,trial4,1784601529.244938,0.3690422610503509
hanul,trial4,1784601529.2829006,0.36925958511719226
hanul,trial4,1784601529.3192687,0.36943614582275186
hanul,trial4,1784601529.3567102,0.3695334900174382
hanul,trial4,1784601529.394093,0.36953592964230964
hanul,trial4,1784601529.4327173,0.36953644552389897
hanul,trial4,1784601529.4706273,0.36958003343365137
hanul,trial4,1784601529.508331,0.3696025995909129
hanul,trial4,1784601529.5466106,0.3696037334542328
hanul,trial4,1784601529.5842617,0.3695730887668565
hanul,trial4,1784601529.6212149,0.36955968954827545
hanul,trial4,1784601529.6593301,0.36947753918416376
hanul,trial4,1784601529.6976812,0.36921348419528277
hanul,trial4,1784601529.7355387,0.3687668318866633
hanul,trial4,1784601529.7736495,0.36829642553429853
hanul,trial4,1784601529.8114228,0.3681147409629988
hanul,trial4,1784601529.8497524,0.36815571627953825
hanul,trial4,1784601529.8888452,0.3683745678351057
hanul,trial4,1784601529.9259818,0.36887150157936655
hanul,trial4,1784601529.966018,0.36925334424265704
hanul,trial4,1784601530.0041306,0.3693094925855196
hanul,trial4,1784601530.0423267,0.3693364123944083
hanul,trial4,1784601530.080073,0.3695926527222857
hanul,trial4,1784601530.1179364,0.3696199862262776
hanul,trial4,1784601530.1560378,0.36957381422581026
hanul,trial4,1784601530.196015,0.36954981642623463
hanul,trial4,1784601530.2353797,0.36945436745293136
hanul,trial4,1784601530.2754269,0.36947143082691764
hanul,trial4,1784601530.3144174,0.3696336630644764
hanul,trial4,1784601530.3522046,0.36864034489121655
hanul,trial4,1784601530.389029,0.3604926731675224
hanul,trial4,1784601530.4285028,0.31108879983517307
hanul,trial4,1784601530.4680731,0.20547043520179226
hanul,trial4,1784601530.506023,0.11836036258625446
hanul,trial4,1784601530.5431545,0.06921323558183637
hanul,trial4,1784601530.5813494,0.04470419901601144
hanul,trial4,1784601530.6189504,0.03267060644413191
hanul,trial4,1784601530.656419,0.026939605495919377
hanul,trial4,1784601530.692891,0.023861204787274
hanul,trial4,1784601530.7304695,0.02263217006010495
hanul,trial4,1784601530.7672415,0.021706811589468474
hanul,trial4,1784601530.804921,0.021089200966680124
hanul,trial4,1784601530.8429084,0.02088552776091867
hanul,trial4,1784601530.8809247,0.021105792406703155
hanul,trial4,1784601530.9188619,0.04979566321890776
hanul,trial4,1784601530.9575913,0.12430392953622327
hanul,trial4,1784601531.000113,0.21473728849350673
hanul,trial4,1784601531.0442033,0.2780084800175973
hanul,trial4,1784601531.0829318,0.3165110183446713
hanul,trial4,1784601531.1199973,0.33951166247813847
hanul,trial4,1784601531.1587598,0.3528041337769284
hanul,trial4,1784601531.195133,0.36077878241426364
hanul,trial4,1784601531.2355058,0.3656454235454803
hanul,trial4,1784601531.2734094,0.3681696744415782
hanul,trial4,1784601531.3114536,0.37064178956513605
hanul,trial4,1784601531.3506238,0.37225957842939394
hanul,trial4,1784601531.3882198,0.37307148135242424
hanul,trial4,1784601531.42603,0.3735377425024965
hanul,trial4,1784601531.4639623,0.37388058757839293
hanul,trial4,1784601531.5032067,0.3742543860460802
hanul,trial4,1784601531.541908,0.37494286059640103
hanul,trial4,1784601531.5800366,0.37593636102920036
hanul,trial4,1784601531.6174417,0.3770637306138406
hanul,trial4,1784601531.6560278,0.37795203222734475
hanul,trial4,1784601531.6934679,0.3783957439948078
hanul,trial4,1784601531.7299356,0.37862485666073853
hanul,trial4,1784601531.7684221,0.37862766560881056
hanul,trial4,1784601531.8069472,0.3785711749110433
hanul,trial4,1784601531.846146,0.3785627481725565
hanul,trial4,1784601531.8861456,0.37839623830856267
hanul,trial4,1784601531.9242508,0.3782586416279895
hanul,trial4,1784601531.961961,0.3781038542457642
hanul,trial4,1784601531.9989338,0.37786523204193023
hanul,trial4,1784601532.036091,0.37775112172031833
hanul,trial4,1784601532.0735893,0.37742690606166795
hanul,trial4,1784601532.1109009,0.3772519242849287
hanul,trial4,1784601532.1490586,0.37714422075259124
hanul,trial4,1784601532.18699,0.37701070003618686
hanul,trial4,1784601532.2240374,0.3767726822501502
hanul,trial4,1784601532.2611713,0.376383418366108
hanul,trial4,1784601532.2993643,0.3754102471940167
hanul,trial4,1784601532.338632,0.37402717943900166
hanul,trial4,1784601532.376175,0.372990950059764
hanul,trial4,1784601532.4148567,0.37234803172412156
hanul,trial4,1784601532.4533923,0.37170656127019575
hanul,trial4,1784601532.492042,0.3714155971321245
hanul,trial4,1784601532.5318818,0.3712597653979906
hanul,trial4,1784601532.5703325,0.37115807561198927
hanul,trial4,1784601532.6081808,0.3711126243000883
hanul,trial4,1784601532.645174,0.37099247940272084
hanul,trial4,1784601532.684157,0.3707515177702492
hanul,trial4,1784601532.7246308,0.37061070942535956
hanul,trial4,1784601532.7622778,0.3703037977424281
hanul,trial4,1784601532.8020678,0.3700989231984063
hanul,trial4,1784601532.839733,0.36987621440537555
hanul,trial4,1784601532.8797991,0.37007147013511665
hanul,trial4,1784601532.9180148,0.37056337279060825
hanul,trial4,1784601532.9560819,0.37090897113790133
hanul,trial5,1784601534.5084565,0.3723376757607262
hanul,trial5,1784601534.5458891,0.3723104648764278
hanul,trial5,1784601534.5838072,0.3721707020070889
hanul,trial5,1784601534.621676,0.37202035921084653
hanul,trial5,1784601534.65985,0.3718867887398266
hanul,trial5,1784601534.6969285,0.3717184285116524
hanul,trial5,1784601534.7350495,0.3715761147430443
hanul,trial5,1784601534.773395,0.37156782433994406
hanul,trial5,1784601534.8110275,0.3715940875820453
hanul,trial5,1784601534.8476748,0.37149213088984223
hanul,trial5,1784601534.887826,0.3713108651386726
hanul,trial5,1784601534.925948,0.3712202329438061
hanul,trial5,1784601534.9640617,0.37112690017007943
hanul,trial5,1784601535.0005088,0.3709590362758753
hanul,trial5,1784601535.0378084,0.3708221751776668
hanul,trial5,1784601535.0792031,0.37071097475073445
hanul,trial5,1784601535.1170611,0.3706212419004104
hanul,trial5,1784601535.1560605,0.37059256539924135
hanul,trial5,1784601535.1942036,0.3705709236042173
hanul,trial5,1784601535.231,0.370568934594779
hanul,trial5,1784601535.2707598,0.3705894256955049
hanul,trial5,1784601535.3077607,0.37066378893604585
hanul,trial5,1784601535.3452055,0.3707812807901356
hanul,trial5,1784601535.3829417,0.37089637461696534
hanul,trial5,1784601535.4213016,0.37088932445077505
hanul,trial5,1784601535.4607685,0.3707659609922793
hanul,trial5,1784601535.4984832,0.3705285563224389
hanul,trial5,1784601535.5350695,0.3702918407433138
hanul,trial5,1784601535.5726137,0.3699254066926382
hanul,trial5,1784601535.609835,0.36977909563696754
hanul,trial5,1784601535.6474037,0.3699273891894108
hanul,trial5,1784601535.6852033,0.3694828119615819
hanul,trial5,1784601535.7227294,0.34555058296453406
hanul,trial5,1784601535.760789,0.30445650811470776
hanul,trial5,1784601535.7981405,0.2542711058289848
hanul,trial5,1784601535.8349907,0.176202662987339
hanul,trial5,1784601535.8729646,0.11466150905834746
hanul,trial5,1784601535.9108965,0.07760355015198234
hanul,trial5,1784601535.9486177,0.055880850355910616
hanul,trial5,1784601535.9869242,0.04284763071565897
hanul,trial5,1784601536.0253289,0.03510179139916568
hanul,trial5,1784601536.063215,0.030797070740495446
hanul,trial5,1784601536.1016257,0.027941462128540963
hanul,trial5,1784601536.1379247,0.026766743235031032
hanul,trial5,1784601536.1759338,0.026357390720020173
hanul,trial5,1784601536.2126195,0.02708313987564576
hanul,trial5,1784601536.250407,0.07293611561601712
hanul,trial5,1784601536.286865,0.14266184185784186
hanul,trial5,1784601536.3247683,0.21254930812854486
hanul,trial5,1784601536.3610215,0.273495469937982
hanul,trial5,1784601536.399272,0.3121728047448349
hanul,trial5,1784601536.438647,0.33740413728642493
hanul,trial5,1784601536.477608,0.3540456103528339
hanul,trial5,1784601536.5141075,0.3644565642459235
hanul,trial5,1784601536.5518086,0.37009059711034664
hanul,trial5,1784601536.5886617,0.3731462199521123
hanul,trial5,1784601536.6264765,0.3748987064620596
hanul,trial5,1784601536.6659367,0.3758710736023032
hanul,trial5,1784601536.7036319,0.37619379737815484
hanul,trial5,1784601536.743326,0.376303379529108
hanul,trial5,1784601536.7814257,0.3762365085474285
hanul,trial5,1784601536.820011,0.3763526116379225
hanul,trial5,1784601536.857347,0.37610460887393415
hanul,trial5,1784601536.8960166,0.3758323233931962
hanul,trial5,1784601536.9336686,0.37554207329164424
hanul,trial5,1784601536.9720097,0.37529918636062853
hanul,trial5,1784601537.0101335,0.375094334991675
hanul,trial5,1784601537.0475283,0.3749159410152956
hanul,trial5,1784601537.085505,0.3747432151784418
hanul,trial5,1784601537.124011,0.37473577614912973
hanul,trial5,1784601537.1629236,0.3745583098228823
hanul,trial5,1784601537.1994758,0.374463276991018
hanul,trial5,1784601537.2367313,0.37439083222296543
hanul,trial5,1784601537.2729728,0.37422999229388226
hanul,trial5,1784601537.310912,0.3741157119832351
hanul,trial5,1784601537.3480554,0.373646753605143
hanul,trial5,1784601537.385227,0.3734157474986117
hanul,trial5,1784601537.4240553,0.37326619397696353
hanul,trial5,1784601537.462625,0.373062892292219
hanul,trial5,1784601537.5019212,0.37281385404361855
hanul,trial5,1784601537.5395432,0.3726279911978845
hanul,trial5,1784601537.5775247,0.37248993966850674
hanul,trial5,1784601537.6148875,0.371967835462733
hanul,trial5,1784601537.6515696,0.3717500180617286
hanul,trial5,1784601537.6890328,0.3707987343727599
hanul,trial5,1784601537.727739,0.3705451107085658
hanul,trial5,1784601537.7657094,0.37065357834429585
hanul,trial5,1784601537.8054316,0.37041533337634913
hanul,trial5,1784601537.844009,0.37036214289653424
hanul,trial5,1784601537.883216,0.36995818101250333
hanul,trial5,1784601537.922326,0.3694040425627074
hanul,trial5,1784601537.9589455,0.3687903320218415
hanul,trial5,1784601537.9968464,0.3686356020202778
hanul,trial5,1784601538.033098,0.36826885109850355
hanul,trial5,1784601538.0713282,0.36813500514177777
hanul,trial5,1784601538.1086428,0.3681543726516553
hanul,trial5,1784601538.1462958,0.3685872047873021
hanul,trial5,1784601538.1839345,0.36892790773072265
hanul,trial5,1784601538.223347,0.3693240869480712
hanul,trial5,1784601538.2604103,0.3696957804787309
hanul,trial5,1784601538.2978604,0.36979560282844737
hanul,trial5,1784601538.3350468,0.3699875520383259
hanul,trial5,1784601538.3740118,0.36985625602070527
hanul,trial5,1784601538.4127798,0.3696408346613209
hanul,trial5,1784601538.4511487,0.36967862491338377
hanul,trial5,1784601538.4876866,0.3697081578275668
hanul,trial6,1784601540.0439878,0.36578537462382454
hanul,trial6,1784601540.08113,0.36574382326069765
hanul,trial6,1784601540.120134,0.36575521680380785
hanul,trial6,1784601540.1566935,0.3657429972100409
hanul,trial6,1784601540.193944,0.36571134617623624
hanul,trial6,1784601540.23475,0.36576538794600044
hanul,trial6,1784601540.2738845,0.36582412952527354
hanul,trial6,1784601540.3120468,0.3658442382448236
hanul,trial6,1784601540.3499894,0.3659027258736768
hanul,trial6,1784601540.3873432,0.3658744084060007
hanul,trial6,1784601540.426329,0.3658722673079854
hanul,trial6,1784601540.4660208,0.3659191397669207
hanul,trial6,1784601540.5052347,0.3661128555620107
hanul,trial6,1784601540.5440443,0.36630553630176665
hanul,trial6,1784601540.5815716,0.3664035746813874
hanul,trial6,1784601540.6201131,0.3663596089782817
hanul,trial6,1784601540.6599975,0.3662984851453285
hanul,trial6,1784601540.697185,0.3662187662037085
hanul,trial6,1784601540.734956,0.3660222867453154
hanul,trial6,1784601540.772099,0.3659068909789408
hanul,trial6,1784601540.8097534,0.36582818925807914
hanul,trial6,1784601540.8487852,0.36576397350881595
hanul,trial6,1784601540.887772,0.3657451514925265
hanul,trial6,1784601540.9250495,0.36584931652794794
hanul,trial6,1784601540.9631534,0.36594648977026545
hanul,trial6,1784601541.0019522,0.3659831672453069
hanul,trial6,1784601541.0415957,0.36600655034827534
hanul,trial6,1784601541.0850384,0.3659798906253995
hanul,trial6,1784601541.1276643,0.36582296819413695
hanul,trial6,1784601541.1701527,0.3491894621022541
hanul,trial6,1784601541.207323,0.3013076338036147
hanul,trial6,1784601541.2460537,0.23213157274723623
hanul,trial6,1784601541.284316,0.16347057817673816
hanul,trial6,1784601541.3226268,0.10857278384073538
hanul,trial6,1784601541.3601189,0.07543986257682811
hanul,trial6,1784601541.39939,0.056299371307831934
hanul,trial6,1784601541.4400253,0.04594105792443044
hanul,trial6,1784601541.477985,0.03723537185397687
hanul,trial6,1784601541.5147197,0.03132909974119387
hanul,trial6,1784601541.552443,0.0274894855263617
hanul,trial6,1784601541.5890007,0.025138270711341077
hanul,trial6,1784601541.6268795,0.023465523896596598
hanul,trial6,1784601541.66507,0.02252225486495454
hanul,trial6,1784601541.7024617,0.022049365971590556
hanul,trial6,1784601541.7405794,0.021755994314710824
hanul,trial6,1784601541.7783582,0.025457338995338787
hanul,trial6,1784601541.8168564,0.0793238662293
hanul,trial6,1784601541.8550088,0.15224051873603342
hanul,trial6,1784601541.893923,0.22189948838477758
hanul,trial6,1784601541.9324853,0.27271630594914037
hanul,trial6,1784601541.973945,0.3057498629029817
hanul,trial6,1784601542.0140688,0.3273861682163085
hanul,trial6,1784601542.0535486,0.34196997915898814
hanul,trial6,1784601542.0912974,0.35386296488656543
hanul,trial6,1784601542.1299498,0.36147611676201896
hanul,trial6,1784601542.1672122,0.3669184088652732
hanul,trial6,1784601542.2065053,0.3705626138529333
hanul,trial6,1784601542.2445168,0.37267164461532537
hanul,trial6,1784601542.283994,0.37375058960755586
hanul,trial6,1784601542.3223667,0.3743619864671597
hanul,trial6,1784601542.3590822,0.3742180919411907
hanul,trial6,1784601542.397002,0.3740343769999571
hanul,trial6,1784601542.4350276,0.37374213187940286
hanul,trial6,1784601542.4738822,0.3735042088179496
hanul,trial6,1784601542.510674,0.3731387534470266
hanul,trial6,1784601542.5488834,0.3727200698973098
hanul,trial6,1784601542.5854208,0.37221088547504044
hanul,trial6,1784601542.6229212,0.3717091025306265
hanul,trial6,1784601542.6597652,0.37123784114837943
hanul,trial6,1784601542.6973789,0.371006181242862
hanul,trial6,1784601542.735986,0.3707139051421249
hanul,trial6,1784601542.7745767,0.37035135780743467
hanul,trial6,1784601542.811354,0.37019132780676894
hanul,trial6,1784601542.8487527,0.36994889436669615
hanul,trial6,1784601542.886878,0.3697140439643247
hanul,trial6,1784601542.9245698,0.36921894099843083
hanul,trial6,1784601542.9624028,0.368437545701675
hanul,trial6,1784601542.9999096,0.3679406943926678
hanul,trial6,1784601543.0399861,0.36789283200956135
hanul,trial6,1784601543.0777466,0.36783833650243025
hanul,trial6,1784601543.116061,0.3677114233854929
hanul,trial6,1784601543.154652,0.36739469131421765
hanul,trial6,1784601543.1913218,0.36718689074217226
hanul,trial6,1784601543.2292433,0.36711166397167955
hanul,trial6,1784601543.266949,0.3670251419651782
hanul,trial6,1784601543.30467,0.36693075504075273
hanul,trial6,1784601543.3425572,0.36666148762679074
hanul,trial6,1784601543.3802397,0.36640295717262583
hanul,trial6,1784601543.4199839,0.36657923943906345
hanul,trial6,1784601543.4582822,0.3667082958436705
hanul,trial6,1784601543.4980829,0.3666451369840036
hanul,trial6,1784601543.536649,0.36627334021430347
hanul,trial6,1784601543.5759928,0.3658557461663896
hanul,trial6,1784601543.612986,0.36542581596391777
hanul,trial6,1784601543.651973,0.36507405625717787
hanul,trial6,1784601543.6895614,0.3652105944764499
hanul,trial6,1784601543.7280233,0.3659505919255579
hanul,trial6,1784601543.7679923,0.3660684316489435
hanul,trial6,1784601543.807121,0.36644944492960796
hanul,trial6,1784601543.8473809,0.36665533070636847
hanul,trial6,1784601543.8864906,0.36711210251764276
hanul,trial6,1784601543.9252572,0.36827510115757756
hanul,trial6,1784601543.9640195,0.3689534764210704
hanul,trial6,1784601544.002689,0.3694311792060341
hanul,trial6,1784601544.042595,0.369704213355714
hanul,trial7,1784601545.6075811,0.37049420537115046
hanul,trial7,1784601545.644649,0.3705694640522421
hanul,trial7,1784601545.6842167,0.3706309079769067
hanul,trial7,1784601545.7212162,0.37066768019388674
hanul,trial7,1784601545.7588367,0.3705797222053716
hanul,trial7,1784601545.7961876,0.3704416911267157
hanul,trial7,1784601545.8345037,0.3702222819887444
hanul,trial7,1784601545.8739347,0.3699610202493703
hanul,trial7,1784601545.9122448,0.3697654056501317
hanul,trial7,1784601545.9489343,0.36970110486968266
hanul,trial7,1784601545.986395,0.36993203815053133
hanul,trial7,1784601546.0229914,0.3703002979836425
hanul,trial7,1784601546.060975,0.37053371453995687
hanul,trial7,1784601546.097763,0.3706711444245936
hanul,trial7,1784601546.1357102,0.3707047374072159
hanul,trial7,1784601546.177986,0.3707511325070356
hanul,trial7,1784601546.2236266,0.37084503325333795
hanul,trial7,1784601546.2668202,0.3708591328109295
hanul,trial7,1784601546.3049252,0.37089589577822446
hanul,trial7,1784601546.3440528,0.3708515654502923
hanul,trial7,1784601546.3839757,0.3708242900277393
hanul,trial7,1784601546.4229686,0.3708020217649229
hanul,trial7,1784601546.4630036,0.37079688806351657
hanul,trial7,1784601546.5015862,0.3708440309211117
hanul,trial7,1784601546.5383072,0.37101745167971856
hanul,trial7,1784601546.575959,0.37117912002942277
hanul,trial7,1784601546.6151423,0.37126815760393106
hanul,trial7,1784601546.6554432,0.3711857218406197
hanul,trial7,1784601546.6919615,0.37095974991544667
hanul,trial7,1784601546.730909,0.3707137638547028
hanul,trial7,1784601546.769631,0.37052057955674456
hanul,trial7,1784601546.8077166,0.37034626365117473
hanul,trial7,1784601546.8459427,0.37011047860288576
hanul,trial7,1784601546.8840272,0.36998397170072517
hanul,trial7,1784601546.922762,0.36988005323523265
hanul,trial7,1784601546.9604256,0.3600489753989388
hanul,trial7,1784601546.9996953,0.3305992689799868
hanul,trial7,1784601547.037441,0.2870592693289332
hanul,trial7,1784601547.0760803,0.19805800547719835
hanul,trial7,1784601547.1148705,0.12846413839863027
hanul,trial7,1784601547.1546943,0.0869705506788387
hanul,trial7,1784601547.194432,0.062249632004115985
hanul,trial7,1784601547.23374,0.048414408491650227
hanul,trial7,1784601547.2720218,0.04056935354934225
hanul,trial7,1784601547.3096468,0.03635287665626996
hanul,trial7,1784601547.3470514,0.033876551111390964
hanul,trial7,1784601547.3849013,0.032228372095465835
hanul,trial7,1784601547.4269555,0.03191283518829426
hanul,trial7,1784601547.4655156,0.03101052376575602
hanul,trial7,1784601547.5040538,0.03023600432780707
hanul,trial7,1784601547.5418577,0.030692014847175444
hanul,trial7,1784601547.5820925,0.06563467770407926
hanul,trial7,1784601547.6194978,0.12444824257641676
hanul,trial7,1784601547.656471,0.18430662729071276
hanul,trial7,1784601547.695252,0.23930150995369287
hanul,trial7,1784601547.7340999,0.28049634379250843
hanul,trial7,1784601547.7759955,0.30809511712676974
hanul,trial7,1784601547.816079,0.3259460655497633
hanul,trial7,1784601547.853058,0.3393691998301095
hanul,trial7,1784601547.8902407,0.34843833921618794
hanul,trial7,1784601547.9307418,0.3538820029212308
hanul,trial7,1784601547.970879,0.3572992327441342
hanul,trial7,1784601548.0101428,0.3592881553005802
hanul,trial7,1784601548.050511,0.3604112749378886
hanul,trial7,1784601548.0899396,0.3620338792263913
hanul,trial7,1784601548.1288314,0.3632270112059748
hanul,trial7,1784601548.1656742,0.3640110423704382
hanul,trial7,1784601548.2031298,0.3643259820292307
hanul,trial7,1784601548.2410843,0.36443918803880915
hanul,trial7,1784601548.2800586,0.3645954531721961
hanul,trial7,1784601548.3190198,0.36471487917279954
hanul,trial7,1784601548.3568578,0.36468957390250134
hanul,trial7,1784601548.3960054,0.36462079478413695
hanul,trial7,1784601548.4347417,0.3645538742634511
hanul,trial7,1784601548.4743996,0.36449310576245375
hanul,trial7,1784601548.5122585,0.3644276658369675
hanul,trial7,1784601548.551269,0.3645278044925525
hanul,trial7,1784601548.5902474,0.3645951481191946
hanul,trial7,1784601548.6303167,0.36460159529819924
hanul,trial7,1784601548.6694083,0.36458063746443126
hanul,trial7,1784601548.709935,0.3650815700670629
hanul,trial7,1784601548.7478614,0.365069595330416
hanul,trial7,1784601548.7856908,0.3647672664179581
hanul,trial7,1784601548.8231785,0.364421840609239
hanul,trial7,1784601548.8624701,0.36411112537443935
hanul,trial7,1784601548.9010797,0.3638854737912476
hanul,trial7,1784601548.9376984,0.36350549275632016
hanul,trial7,1784601548.9749637,0.36314316827539844
hanul,trial7,1784601549.012275,0.36272118873906994
hanul,trial7,1784601549.0501194,0.3622386397419596
hanul,trial7,1784601549.0872219,0.36153430662129843
hanul,trial7,1784601549.1248944,0.3606901284325029
hanul,trial7,1784601549.161411,0.35983230385340087
hanul,trial7,1784601549.1990871,0.3591971561380733
hanul,trial7,1784601549.235847,0.35919789336175634
hanul,trial7,1784601549.2741878,0.3597857591012399
hanul,trial7,1784601549.312036,0.3605459076511761
hanul,trial7,1784601549.3493595,0.36152450250421286
hanul,trial7,1784601549.3867204,0.36241498927644433
hanul,trial7,1784601549.425511,0.36387132487246426
hanul,trial7,1784601549.4640636,0.36521718752153537
hanul,trial7,1784601549.5026639,0.3662440585917007
hanul,trial7,1784601549.5402465,0.36665055288323906
hanul,trial7,1784601549.5776856,0.36666933776169086
hanul,trial8,1784601551.1294603,0.3622337721259154
hanul,trial8,1784601551.1669397,0.3620566260442428
hanul,trial8,1784601551.2040858,0.3618923797015838
hanul,trial8,1784601551.241354,0.36177039589507054
hanul,trial8,1784601551.2793097,0.36161628091391673
hanul,trial8,1784601551.318345,0.3615652267099962
hanul,trial8,1784601551.35704,0.3615299357845377
hanul,trial8,1784601551.3948576,0.3615096837666174
hanul,trial8,1784601551.4323466,0.36143249052174964
hanul,trial8,1784601551.4707386,0.3613450062772507
hanul,trial8,1784601551.5075808,0.3611709709892331
hanul,trial8,1784601551.5451586,0.3610336563405826
hanul,trial8,1784601551.5829053,0.3609795300138239
hanul,trial8,1784601551.6209598,0.36085751338174044
hanul,trial8,1784601551.6572583,0.36079483379193494
hanul,trial8,1784601551.6946652,0.3608613124990945
hanul,trial8,1784601551.7317636,0.3609146378730442
hanul,trial8,1784601551.7693844,0.3610012317620318
hanul,trial8,1784601551.8069065,0.36083681908481324
hanul,trial8,1784601551.844843,0.3606423275443421
hanul,trial8,1784601551.8819947,0.36052867791555043
hanul,trial8,1784601551.9195797,0.36048044475904484
hanul,trial8,1784601551.9570432,0.360510913885317
hanul,trial8,1784601551.994556,0.3605974326075205
hanul,trial8,1784601552.033217,0.36065282617341454
hanul,trial8,1784601552.0708528,0.36067152517106554
hanul,trial8,1784601552.1074731,0.3606788719997775
hanul,trial8,1784601552.1446927,0.3607430248508563
hanul,trial8,1784601552.182998,0.36077015710282045
hanul,trial8,1784601552.2204032,0.3609648196582367
hanul,trial8,1784601552.2581904,0.3612793723765561
hanul,trial8,1784601552.29587,0.36117965550164255
hanul,trial8,1784601552.3324924,0.3388834562892813
hanul,trial8,1784601552.3700204,0.2751222594762832
hanul,trial8,1784601552.4105158,0.17265923713617634
hanul,trial8,1784601552.448615,0.10898712875212575
hanul,trial8,1784601552.4850726,0.07353992569935935
hanul,trial8,1784601552.5230906,0.05344084748943942
hanul,trial8,1784601552.5619373,0.04240187228644221
hanul,trial8,1784601552.5991857,0.03613553560053758
hanul,trial8,1784601552.6377532,0.0323212633962775
hanul,trial8,1784601552.6754415,0.030279359485119443
hanul,trial8,1784601552.7144935,0.028796490145765054
hanul,trial8,1784601552.752459,0.06802779866132964
hanul,trial8,1784601552.789409,0.14262881234545374
hanul,trial8,1784601552.8264809,0.2196291111761562
hanul,trial8,1784601552.8642547,0.27819590878634104
hanul,trial8,1784601552.9029121,0.315763984352062
hanul,trial8,1784601552.9399383,0.3384663771104584
hanul,trial8,1784601552.9774785,0.3516183604883506
hanul,trial8,1784601553.014954,0.35961711839477817
hanul,trial8,1784601553.0528142,0.36468653104621385
hanul,trial8,1784601553.0893884,0.368077413574807
hanul,trial8,1784601553.126949,0.370200582454249
hanul,trial8,1784601553.1641347,0.37120610893684364
hanul,trial8,1784601553.2014046,0.371629859652885
hanul,trial8,1784601553.237907,0.37169175979054236
hanul,trial8,1784601553.2754002,0.37156041276539287
hanul,trial8,1784601553.3128817,0.37137638013607444
hanul,trial8,1784601553.35092,0.37153659380349047
hanul,trial8,1784601553.38899,0.3719709370910222
hanul,trial8,1784601553.4281862,0.3721397110171789
hanul,trial8,1784601553.4666471,0.37219566703940676
hanul,trial8,1784601553.504998,0.37222592466452764
hanul,trial8,1784601553.544031,0.3724211345699695
hanul,trial8,1784601553.5828233,0.37260681855321603
hanul,trial8,1784601553.619704,0.3727917309251819
hanul,trial8,1784601553.6579785,0.3731165278613139
hanul,trial8,1784601553.6950872,0.37318202733780825
hanul,trial8,1784601553.734771,0.37309740791537593
hanul,trial8,1784601553.7719917,0.37292014699771814
hanul,trial8,1784601553.8103726,0.3727596849921091
hanul,trial8,1784601553.8499417,0.3724094069477221
hanul,trial8,1784601553.8882236,0.37201141158990647
hanul,trial8,1784601553.9286523,0.3717514590077502
hanul,trial8,1784601553.967409,0.37041404076924067
hanul,trial8,1784601554.0072641,0.36842004421804087
hanul,trial8,1784601554.0452726,0.3668688521919904
hanul,trial8,1784601554.0840251,0.3658244868925832
hanul,trial8,1784601554.124013,0.36512010326719646
hanul,trial8,1784601554.1619484,0.36464907812839187
hanul,trial8,1784601554.2002375,0.36446327268677525
hanul,trial8,1784601554.2372854,0.3643417173352382
hanul,trial8,1784601554.2761674,0.364201788470407
hanul,trial8,1784601554.3154864,0.3639810699080377
hanul,trial8,1784601554.3529334,0.3639419267777659
hanul,trial8,1784601554.3919935,0.36394555922647565
hanul,trial8,1784601554.4345858,0.3640077527648412
hanul,trial8,1784601554.4723585,0.36378391198094095
hanul,trial8,1784601554.5112534,0.3640577813600999
hanul,trial8,1784601554.5515053,0.3641393904521312
hanul,trial8,1784601554.5913017,0.3641211129329651
hanul,trial8,1784601554.6303215,0.36422815948429355
hanul,trial8,1784601554.6681063,0.36416553928153744
hanul,trial8,1784601554.70735,0.36426599131441323
hanul,trial8,1784601554.7459445,0.36440393628964896
hanul,trial8,1784601554.7831504,0.3647746285885892
hanul,trial8,1784601554.8219528,0.36511560572980517
hanul,trial8,1784601554.8607314,0.3652732455344694
hanul,trial8,1784601554.8975694,0.36563142302758966
hanul,trial8,1784601554.934982,0.36596056967590107
hanul,trial8,1784601554.9713562,0.3664566592038823
hanul,trial8,1784601555.0086203,0.36697029298582784
hanul,trial8,1784601555.0448177,0.3671431290901249
hanul,trial8,1784601555.081196,0.36703352373027054
hanul,trial8,1784601555.1182353,0.36689584224569893
hanul,trial9,1784601556.6817613,0.3645779658798555
hanul,trial9,1784601556.7211154,0.3646023899450138
hanul,trial9,1784601556.7588782,0.3645608199190611
hanul,trial9,1784601556.7999713,0.3644870960653669
hanul,trial9,1784601556.837478,0.3643266141805745
hanul,trial9,1784601556.8788545,0.364225125460028
hanul,trial9,1784601556.9160573,0.3641766107624858
hanul,trial9,1784601556.9559593,0.3640733707491942
hanul,trial9,1784601556.995658,0.36398771470370095
hanul,trial9,1784601557.0335681,0.3639620395909215
hanul,trial9,1784601557.0720587,0.3638763051959806
hanul,trial9,1784601557.110437,0.36383349416381217
hanul,trial9,1784601557.147354,0.363743269139319
hanul,trial9,1784601557.185315,0.3635848804830858
hanul,trial9,1784601557.2269526,0.36343692142267503
hanul,trial9,1784601557.2644594,0.36326062863187814
hanul,trial9,1784601557.3029082,0.36317174357466686
hanul,trial9,1784601557.3442945,0.3631699007372725
hanul,trial9,1784601557.3813207,0.36342733729050014
hanul,trial9,1784601557.4202585,0.3641071890559908
hanul,trial9,1784601557.4589207,0.3650898839274409
hanul,trial9,1784601557.4948182,0.3660372369805897
hanul,trial9,1784601557.5329475,0.3665582543195562
hanul,trial9,1784601557.5708609,0.36686457600423583
hanul,trial9,1784601557.6085396,0.3669881069136238
hanul,trial9,1784601557.64647,0.367226368607231
hanul,trial9,1784601557.6858535,0.3674074215262155
hanul,trial9,1784601557.7236867,0.36756563268415104
hanul,trial9,1784601557.7618315,0.3677112542085732
hanul,trial9,1784601557.7995503,0.3677725126506697
hanul,trial9,1784601557.8357394,0.36802051392686375
hanul,trial9,1784601557.8733678,0.35983013421069343
hanul,trial9,1784601557.910902,0.31752334573148955
hanul,trial9,1784601557.9484088,0.23830261816406095
hanul,trial9,1784601557.9869046,0.1589866665598834
hanul,trial9,1784601558.024854,0.10510971164424915
hanul,trial9,1784601558.0613868,0.07170303277460678
hanul,trial9,1784601558.0991623,0.05210933174316443
hanul,trial9,1784601558.138915,0.040842564916880486
hanul,trial9,1784601558.177018,0.034068798941919505
hanul,trial9,1784601558.2134912,0.030184497352709484
hanul,trial9,1784601558.2514663,0.028017962715807324
hanul,trial9,1784601558.2881687,0.02680961436343462
hanul,trial9,1784601558.3260627,0.026421638285847163
hanul,trial9,1784601558.3638806,0.04857711716752019
hanul,trial9,1784601558.401335,0.1119462225811125
hanul,trial9,1784601558.438925,0.18556934280586157
hanul,trial9,1784601558.4766734,0.24849247159792248
hanul,trial9,1784601558.5161242,0.2927118191250332
hanul,trial9,1784601558.5547445,0.32318383502681275
hanul,trial9,1784601558.5926745,0.3407078654818075
hanul,trial9,1784601558.6304705,0.3500557676097594
hanul,trial9,1784601558.6673744,0.35464159232254927
hanul,trial9,1784601558.7050767,0.3572438813948452
hanul,trial9,1784601558.741201,0.35960980262439046
hanul,trial9,1784601558.778522,0.36116088262514323
hanul,trial9,1784601558.8179154,0.36202147850275257
hanul,trial9,1784601558.8567712,0.3623512045934384
hanul,trial9,1784601558.893282,0.3626994529262065
hanul,trial9,1784601558.9318483,0.36297426776348096
hanul,trial9,1784601558.9683836,0.3631714097479036
hanul,trial9,1784601559.0071146,0.3632319499887795
hanul,trial9,1784601559.0442,0.3634473654979204
hanul,trial9,1784601559.081481,0.36369483047316564
hanul,trial9,1784601559.1177576,0.36362325265122536
hanul,trial9,1784601559.1564357,0.363564368460091
hanul,trial9,1784601559.1929653,0.3636511627867261
hanul,trial9,1784601559.230387,0.3636195426556853
hanul,trial9,1784601559.2670074,0.3637076008332938
hanul,trial9,1784601559.307347,0.36406162403363584
hanul,trial9,1784601559.3439033,0.3644869727528508
hanul,trial9,1784601559.3820398,0.3648449756509847
hanul,trial9,1784601559.418979,0.36505595708259797
hanul,trial9,1784601559.4575307,0.3651183481749083
hanul,trial9,1784601559.4949296,0.3648742205023009
hanul,trial9,1784601559.532555,0.36464541838787373
hanul,trial9,1784601559.5688324,0.3642353853699706
hanul,trial9,1784601559.6065662,0.3639702535948992
hanul,trial9,1784601559.6459463,0.36370141249630283
hanul,trial9,1784601559.6836982,0.3636305445684316
hanul,trial9,1784601559.7219405,0.36364763418010404
hanul,trial9,1784601559.7591965,0.3635233195977541
hanul,trial9,1784601559.8000236,0.3633244212267065
hanul,trial9,1784601559.8387713,0.36326149248986705
hanul,trial9,1784601559.875458,0.36318711864800524
hanul,trial9,1784601559.9129682,0.3630909689149908
hanul,trial9,1784601559.9509144,0.36301092984708405
hanul,trial9,1784601559.9884071,0.36279324972250443
hanul,trial9,1784601560.024942,0.3625244831475897
hanul,trial9,1784601560.062212,0.36238597737367584
hanul,trial9,1784601560.098935,0.36232362005855046
hanul,trial9,1784601560.1368368,0.3622387830834378
hanul,trial9,1784601560.1734838,0.36205417067469464
hanul,trial9,1784601560.2120464,0.3619596040856488
hanul,trial9,1784601560.2493796,0.3619189061669161
hanul,trial9,1784601560.287049,0.36185857313570785
hanul,trial9,1784601560.3250003,0.3618075617872285
hanul,trial9,1784601560.362973,0.36173985052523594
hanul,trial9,1784601560.401949,0.36168543460282765
hanul,trial9,1784601560.4411929,0.36160775899826375
hanul,trial9,1784601560.480006,0.36154182456139655
hanul,trial9,1784601560.518215,0.361485583550475
hanul,trial9,1784601560.556095,0.3614510672802803
hanul,trial9,1784601560.5940194,0.36144674403727517
hanul,trial9,1784601560.63093,0.36151367859471883
hanul,trial9,1784601560.6686718,0.3615658963311631
hanul,trial10,1784601562.2273188,0.36056931147123084
hanul,trial10,1784601562.2656083,0.3605241995523192
hanul,trial10,1784601562.3048759,0.3605029147920541
hanul,trial10,1784601562.3429136,0.36037381668341134
hanul,trial10,1784601562.381016,0.36025356171877754
hanul,trial10,1784601562.4200003,0.36017668545798526
hanul,trial10,1784601562.4600143,0.3601463731222344
hanul,trial10,1784601562.497514,0.3601305529809366
hanul,trial10,1784601562.5360184,0.36013311052772823
hanul,trial10,1784601562.575986,0.3601599571067683
hanul,trial10,1784601562.6155758,0.3601685540799539
hanul,trial10,1784601562.6536224,0.360187897907994
hanul,trial10,1784601562.6920555,0.36022485155893036
hanul,trial10,1784601562.7293715,0.36025094461713125
hanul,trial10,1784601562.7680223,0.36026048243706754
hanul,trial10,1784601562.8059087,0.36028267703133193
hanul,trial10,1784601562.8440423,0.36030725944901565
hanul,trial10,1784601562.881978,0.3603152124346649
hanul,trial10,1784601562.9200256,0.3603158721213904
hanul,trial10,1784601562.9575624,0.3602899587792977
hanul,trial10,1784601562.9972842,0.3602815617404635
hanul,trial10,1784601563.0349846,0.36030325800572366
hanul,trial10,1784601563.0750408,0.3603671989945869
hanul,trial10,1784601563.112987,0.360416516815358
hanul,trial10,1784601563.1498601,0.3604507424319421
hanul,trial10,1784601563.1891997,0.36060016966953934
hanul,trial10,1784601563.2262604,0.36081284319057416
hanul,trial10,1784601563.2642095,0.36102858954530787
hanul,trial10,1784601563.303298,0.36107645382987474
hanul,trial10,1784601563.340796,0.36109402856795175
hanul,trial10,1784601563.3797758,0.3610580695675506
hanul,trial10,1784601563.420001,0.36103380605283913
hanul,trial10,1784601563.4599926,0.36107532684894017
hanul,trial10,1784601563.4973187,0.3611678362075749
hanul,trial10,1784601563.5360284,0.3612432715456746
hanul,trial10,1784601563.5743206,0.3613590374059805
hanul,trial10,1784601563.6140802,0.3614364229831207
hanul,trial10,1784601563.651376,0.3573761552827859
hanul,trial10,1784601563.6910696,0.2908117116119654
hanul,trial10,1784601563.7287924,0.16691575409088655
hanul,trial10,1784601563.7657611,0.09380621474573822
hanul,trial10,1784601563.8060265,0.05712385342599094
hanul,trial10,1784601563.8440244,0.03827739342074306
hanul,trial10,1784601563.8813229,0.02817802200521998
hanul,trial10,1784601563.9189775,0.022993819504366395
hanul,trial10,1784601563.9572525,0.024971701141279584
hanul,trial10,1784601563.9960172,0.08675512398166715
hanul,trial10,1784601564.0346415,0.17392890475354345
hanul,trial10,1784601564.0712855,0.2582132884800955
hanul,trial10,1784601564.111441,0.3117455941797055
hanul,trial10,1784601564.152123,0.34184113436884284
hanul,trial10,1784601564.1920056,0.3570084223236227
hanul,trial10,1784601564.2318704,0.3646552667290319
hanul,trial10,1784601564.2692196,0.36875968787861235
hanul,trial10,1784601564.308033,0.3709975176148612
hanul,trial10,1784601564.3455505,0.3719947385647514
hanul,trial10,1784601564.3834984,0.3726386184024406
hanul,trial10,1784601564.422071,0.3731369203917496
hanul,trial10,1784601564.460756,0.37351385733969483
hanul,trial10,1784601564.5000272,0.3739013823232195
hanul,trial10,1784601564.5400374,0.3740577265447957
hanul,trial10,1784601564.5799952,0.37387131899986814
hanul,trial10,1784601564.6185484,0.37383245715950386
hanul,trial10,1784601564.655007,0.37387750350836735
hanul,trial10,1784601564.6944737,0.3738237110330106
hanul,trial10,1784601564.7344968,0.3741714333426204
hanul,trial10,1784601564.7719252,0.3749105609363379
hanul,trial10,1784601564.8109722,0.37513456074935636
hanul,trial10,1784601564.8497372,0.3752453270058142
hanul,trial10,1784601564.8893585,0.37356095629225294
hanul,trial10,1784601564.9268975,0.37021936850667125
hanul,trial10,1784601564.9634593,0.3648713129811233
hanul,trial10,1784601565.0009623,0.35882169629557037
hanul,trial10,1784601565.039993,0.3545330820419118
hanul,trial10,1784601565.0776658,0.3522520538897729
hanul,trial10,1784601565.1160223,0.35169316545179463
hanul,trial10,1784601565.1530979,0.3513953459855922
hanul,trial10,1784601565.1920083,0.35144627538937756
hanul,trial10,1784601565.2292416,0.3515967275364703
hanul,trial10,1784601565.265961,0.3513574228984335
hanul,trial10,1784601565.3043687,0.35013945173839517
hanul,trial10,1784601565.3431506,0.3489794601942516
hanul,trial10,1784601565.3807943,0.348430309133906
hanul,trial10,1784601565.418643,0.3489461234915152
hanul,trial10,1784601565.4567432,0.34855587451068254
hanul,trial10,1784601565.4954152,0.34914600254390016
hanul,trial10,1784601565.5328128,0.35057200098057884
hanul,trial10,1784601565.5692964,0.35153931121488635
hanul,trial10,1784601565.6071239,0.35170759719015166
hanul,trial10,1784601565.643772,0.3510067326032431
hanul,trial10,1784601565.6811533,0.3505130770943704
hanul,trial10,1784601565.7199876,0.3500363922081935
hanul,trial10,1784601565.7577517,0.3497065140166997
hanul,trial10,1784601565.7960193,0.34985456696064043
hanul,trial10,1784601565.8336346,0.35005685066210085
hanul,trial10,1784601565.8720195,0.3503224741713039
hanul,trial10,1784601565.9094954,0.3505461700786062
hanul,trial10,1784601565.9480195,0.3508992057331954
hanul,trial10,1784601565.986359,0.35064705748669245
hanul,trial10,1784601566.0233142,0.35466811396224873
hanul,trial10,1784601566.0632937,0.3595681898476553
hanul,trial10,1784601566.1019473,0.36451185859530577
hanul,trial10,1784601566.140088,0.36899843761835704
hanul,trial10,1784601566.176599,0.3717478894649187
hanul,trial10,1784601566.213812,0.37292650785239934
